{
  "timestamp": "2026-03-19 14:33:30",
  "num_points": 7,
  "camera_points_mm": [
    [
      -67.01736152172089,
      -133.56563448905945,
      529.0000438690186
    ],
    [
      176.0261058807373,
      -131.05931878089905,
      508.0000162124634
    ],
    [
      13.156398199498653,
      -92.23862737417221,
      462.0000123977661
    ],
    [
      -119.179368019104,
      -123.68204444646835,
      492.000013589859
    ],
    [
      123.56128543615341,
      -83.49788188934326,
      407.00000524520874
    ],
    [
      56.24009296298027,
      -134.68702137470245,
      406.000018119812
    ],
    [
      72.59634137153625,
      -128.62929701805115,
      674.0000247955322
    ]
  ],
  "robot_points_mm": [
    [
      -439.37501311302185,
      139.10600543022156,
      237.76300251483917
    ],
    [
      -441.48701429367065,
      -104.77299988269806,
      235.6480062007904
    ],
    [
      -511.12598180770874,
      68.98099929094315,
      234.5450073480606
    ],
    [
      -477.4709939956665,
      202.88799703121185,
      251.11401081085205
    ],
    [
      -552.5230169296265,
      -49.49599876999855,
      253.97300720214844
    ],
    [
      -528.7709832191467,
      14.783999882638454,
      294.54299807548523
    ],
    [
      -315.3879940509796,
      24.06200021505356,
      145.47400176525116
    ]
  ]
}